index	u
x	-1.1102230246251565e-16
v	-0.01000000000000062
a	0.9
